FECHA (YYMMDD);HORA (HHMM);Registros validados;Registros preliminares;Registros no validados;
160101;0000;35,5625;;;
160102;0000;28,4565;;;
160103;0000;29,7174;;;
160104;0000;37,8958;;;
160105;0000;56,4375;;;
160106;0000;49,3333;;;
160107;0000;35,3542;;;
160108;0000;29,3125;;;
160109;0000;34,0417;;;
160110;0000;33,5208;;;
160111;0000;31,6667;;;
160112;0000;;;;
160113;0000;;;;
160114;0000;;;;
160115;0000;;;;
160116;0000;48,25;;;
160117;0000;44,7292;;;
160118;0000;66,6041;;;
160119;0000;45,8958;;;
160120;0000;51,5208;;;
160121;0000;41,5833;;;
160122;0000;43,5417;;;
160123;0000;35,125;;;
160124;0000;14,9375;;;
160125;0000;29,3958;;;
160126;0000;25,8333;;;
160127;0000;35,2917;;;
160128;0000;36,5625;;;
160129;0000;33,5625;;;
160130;0000;37,9583;;;
160131;0000;38,4167;;;
160201;0000;43,9375;;;
160202;0000;39,8958;;;
160203;0000;44,7708;;;
160204;0000;36,25;;;
160205;0000;39,4167;;;
160206;0000;44,1875;;;
160207;0000;34,6458;;;
160208;0000;39,8182;;;
160209;0000;58,1042;;;
160210;0000;45,3542;;;
160211;0000;40,2083;;;
160212;0000;44,4792;;;
160213;0000;43,9583;;;
160214;0000;43,7083;;;
160215;0000;56,0208;;;
160216;0000;36,5625;;;
160217;0000;40,4792;;;
160218;0000;39,6875;;;
160219;0000;49,4091;;;
160220;0000;54,1667;;;
160221;0000;46,4375;;;
160222;0000;49,6667;;;
160223;0000;60,6458;;;
160224;0000;53,8125;;;
160225;0000;64,3125;;;
160226;0000;45,375;;;
160227;0000;59,625;;;
160228;0000;53,8333;;;
160229;0000;55,5208;;;
160301;0000;88;;;
160302;0000;74,4783;;;
160303;0000;55,3913;;;
160304;0000;57,2174;;;
160305;0000;51,5;;;
160306;0000;37,5;;;
160307;0000;34,4792;;;
160308;0000;47,2917;;;
160309;0000;64,0209;;;
160310;0000;66,125;;;
160311;0000;59,5417;;;
160312;0000;41,8958;;;
160313;0000;42,7708;;;
160314;0000;49,325;;;
160315;0000;57,9375;;;
160316;0000;66,4166;;;
160317;0000;40,3125;;;
160318;0000;59,7917;;;
160319;0000;60,4167;;;
160320;0000;52,6875;;;
160321;0000;53,5625;;;
160322;0000;71,3334;;;
160323;0000;58,9375;;;
160324;0000;68,5209;;;
160325;0000;60,5833;;;
160326;0000;65,625;;;
160327;0000;57,7083;;;
160328;0000;49,2917;;;
160329;0000;36,3333;;;
160330;0000;43,8913;;;
160331;0000;60,3958;;;
160401;0000;49,625;;;
160402;0000;;;;
160403;0000;;;;
160404;0000;;;;
160405;0000;98,0625;;;
160406;0000;50,3958;;;
160407;0000;65,75;;;
160408;0000;70,7709;;;
160409;0000;44,0625;;;
160410;0000;64,8125;;;
160411;0000;83,6957;;;
160412;0000;69;;;
160413;0000;108,762;;;
160414;0000;61,2292;;;
160415;0000;18,9792;;;
160416;0000;27,7708;;;
160417;0000;10;;;
160418;0000;;;;
160419;0000;;;;
160420;0000;63,3125;;;
160421;0000;46,5208;;;
160422;0000;75,8959;;;
160423;0000;25,4167;;;
160424;0000;10,3333;;;
160425;0000;44,4792;;;
160426;0000;114,474;;;
160427;0000;119,688;;;
160428;0000;105,833;;;
160429;0000;119,896;;;
160430;0000;144,667;;;
160501;0000;78,5834;;;
160502;0000;74,4375;;;
160503;0000;90,7916;;;
160504;0000;70,7084;;;
160505;0000;35,8125;;;
160506;0000;75,8959;;;
160507;0000;63,7917;;;
160508;0000;41,5833;;;
160509;0000;55,5833;;;
160510;0000;74,125;;;
160511;0000;54,0625;;;
160512;0000;95,0416;;;
160513;0000;112,375;;;
160514;0000;68,8334;;;
160515;0000;57,7708;;;
160516;0000;70;;;
160517;0000;46,4565;;;
160518;0000;48,0476;;;
160519;0000;82,9791;;;
160520;0000;58,4348;;;
160521;0000;52,1364;;;
160522;0000;94,3182;;;
160523;0000;86,375;;;
160524;0000;99,8959;;;
160525;0000;81,7916;;;
160526;0000;106;;;
160527;0000;77,0416;;;
160528;0000;79,3959;;;
160529;0000;46,5;;;
160530;0000;25,9167;;;
160531;0000;35,2292;;;
160601;0000;58,125;;;
160602;0000;61,0833;;;
160603;0000;25,2083;;;
160604;0000;23,6042;;;
160605;0000;47,7292;;;
160606;0000;84,875;;;
160607;0000;144;;;
160608;0000;139,083;;;
160609;0000;173,646;;;
160610;0000;141,896;;;
160611;0000;140,75;;;
160612;0000;94,4375;;;
160613;0000;48,1042;;;
160614;0000;94,8334;;;
160615;0000;96,4375;;;
160616;0000;128,604;;;
160617;0000;136,521;;;
160618;0000;169,312;;;
160619;0000;194,167;;;
160620;0000;98,0454;;;
160621;0000;98,9584;;;
160622;0000;124,438;;;
160623;0000;102,021;;;
160624;0000;87,8043;;;
160625;0000;121,938;;;
160626;0000;173,729;;;
160627;0000;171,438;;;
160628;0000;85,4584;;;
160629;0000;44,3542;;;
160630;0000;97,5209;;;
160701;0000;110,188;;;
160702;0000;54,0625;;;
160703;0000;51,4167;;;
160704;0000;76,3334;;;
160705;0000;80,3334;;;
160706;0000;130,688;;;
160707;0000;125,333;;;
160708;0000;74,0416;;;
160709;0000;128,854;;;
160710;0000;111,75;;;
160711;0000;31,4167;;;
160712;0000;;;;
160713;0000;;;;
160714;0000;26,7708;;;
160715;0000;105,521;;;
160716;0000;142,625;;;
160717;0000;111,604;;;
160718;0000;113,333;;;
160719;0000;102,667;;;
160720;0000;75,0625;;;
160721;0000;129,542;;;
160722;0000;85,6459;;;
160723;0000;105,417;;;
160724;0000;76,1875;;;
160725;0000;16,6667;;;
160726;0000;108,146;;;
160727;0000;119,667;;;
160728;0000;104,208;;;
160729;0000;82,6041;;;
160730;0000;62,2708;;;
160731;0000;45,25;;;
160801;0000;118,354;;;
160802;0000;88,5834;;;
160803;0000;87,1875;;;
160804;0000;84,375;;;
160805;0000;69,7291;;;
160806;0000;81,0209;;;
160807;0000;72,9375;;;
160808;0000;93,3125;;;
160809;0000;129,146;;;
160810;0000;98,9584;;;
160811;0000;84,4565;;;
160812;0000;106,125;;;
160813;0000;81,0834;;;
160814;0000;92,6666;;;
160815;0000;60,1304;;;
160816;0000;30,8478;;;
160817;0000;31,0435;;;
160818;0000;54,75;;;
160819;0000;51,9783;;;
160820;0000;64,0209;;;
160821;0000;81,7084;;;
160822;0000;82,5;;;
160823;0000;35,5625;;;
160824;0000;45,8125;;;
160825;0000;64,4375;;;
160826;0000;51,5833;;;
160827;0000;41,625;;;
160828;0000;33,1667;;;
160829;0000;64,5209;;;
160830;0000;67,5625;;;
160831;0000;39,6667;;;
160901;0000;44,3333;;;
160902;0000;55,75;;;
160903;0000;69,7709;;;
160904;0000;58,8542;;;
160905;0000;82,0209;;;
160906;0000;106,604;;;
160907;0000;98,9584;;;
160908;0000;84,5209;;;
160909;0000;115,854;;;
160910;0000;99,0625;;;
160911;0000;26,3958;;;
160912;0000;27,4167;;;
160913;0000;85,6459;;;
160914;0000;81,8541;;;
160915;0000;62,1458;;;
160916;0000;60,0208;;;
160917;0000;53;;;
160918;0000;107,375;;;
160919;0000;73,5652;;;
160920;0000;55,1458;;;
160921;0000;58,5952;;;
160922;0000;69,8541;;;
160923;0000;60,5417;;;
160924;0000;59,0417;;;
160925;0000;30,5625;;;
160926;0000;42,3125;;;
160927;0000;53,3542;;;
160928;0000;58,0625;;;
160929;0000;17,9167;;;
160930;0000;40,7917;;;
161001;0000;44,25;;;
161002;0000;43,8125;;;
161003;0000;39,75;;;
161004;0000;30,2708;;;
161005;0000;49,125;;;
161006;0000;61,5625;;;
161007;0000;34,1042;;;
161008;0000;50,0625;;;
161009;0000;48,2708;;;
161010;0000;34;;;
161011;0000;43,3542;;;
161012;0000;40,6667;;;
161013;0000;31,4375;;;
161014;0000;51,7708;;;
161015;0000;27,5625;;;
161016;0000;9,14583;;;
161017;0000;18,4167;;;
161018;0000;15,5417;;;
161019;0000;29,25;;;
161020;0000;42,5;;;
161021;0000;54,3333;;;
161022;0000;33,625;;;
161023;0000;24,5417;;;
161024;0000;22,6042;;;
161025;0000;33,225;;;
161026;0000;51,0208;;;
161027;0000;72,1818;;;
161028;0000;37;;;
161029;0000;46,2292;;;
161030;0000;31,5833;;;
161031;0000;24,5833;;;
161101;0000;19,1458;;;
161102;0000;33,8958;;;
161103;0000;52,0625;;;
161104;0000;45,7083;;;
161105;0000;42,4583;;;
161106;0000;33,9375;;;
161107;0000;41,8542;;;
161108;0000;38,7083;;;
161109;0000;48,7083;;;
161110;0000;50,4167;;;
161111;0000;57,0208;;;
161112;0000;50,0208;;;
161113;0000;38,4167;;;
161114;0000;56,0208;;;
161115;0000;39,0833;;;
161116;0000;42,4167;;;
161117;0000;52,9167;;;
161118;0000;98,6666;;;
161119;0000;57,8958;;;
161120;0000;33,6042;;;
161121;0000;37,4375;;;
161122;0000;36,5833;;;
161123;0000;37,5417;;;
161124;0000;44,8542;;;
161125;0000;33,7708;;;
161126;0000;28,0625;;;
161127;0000;26,5417;;;
161128;0000;46,4792;;;
161129;0000;73,0416;;;
161130;0000;66,2916;;;
161201;0000;51,375;;;
161202;0000;57,7083;;;
161203;0000;47,7292;;;
161204;0000;16,8542;;;
161205;0000;29,3333;;;
161206;0000;44,2917;;;
161207;0000;52,4167;;;
161208;0000;37,1042;;;
161209;0000;21,7917;;;
161210;0000;32,7727;;;
161211;0000;;;;
161212;0000;;;;
161213;0000;45,6136;;;
161214;0000;74,7291;;;
161215;0000;106,188;;;
161216;0000;47,5208;;;
161217;0000;35,7292;;;
161218;0000;37,6875;;;
161219;0000;46,9167;;;
161220;0000;72,5526;;;
161221;0000;59,2708;;;
161222;0000;59,5833;;;
161223;0000;69,5;;;
161224;0000;88,1875;;;
161225;0000;28,1087;;;
161226;0000;16,7083;;;
161227;0000;32,325;;;
161228;0000;45,625;;;
161229;0000;38,9167;;;
161230;0000;40,8542;;;
161231;0000;35,2917;;;
170101;0000;38,1042;;;
170102;0000;46,1458;;;
170103;0000;74,3958;;;
170104;0000;48,375;;;
170105;0000;62,125;;;
170106;0000;56,0417;;;
170107;0000;68,7917;;;
170108;0000;39,1458;;;
170109;0000;26,4565;;;
170110;0000;35,4167;;;
170111;0000;43,7292;;;
170112;0000;61,6875;;;
170113;0000;52,3125;;;
170114;0000;48,8125;;;
170115;0000;41,2083;;;
170116;0000;53,2292;;;
170117;0000;63,4375;;;
170118;0000;75,3125;;;
170119;0000;115,979;;;
170120;0000;108,021;;;
170121;0000;98,6667;;;
170122;0000;81,1875;;;
170123;0000;73,0417;;;
170124;0000;92,2083;;;
170125;0000;81,0625;;;
170126;0000;111,562;;;
170127;0000;57,9167;;;
170128;0000;74,5208;;;
170129;0000;81,5;;;
170130;0000;91,6667;;;
170131;0000;61,2174;;;
170201;0000;107,848;;;
170202;0000;72,7292;;;
170203;0000;32,0208;;;
170204;0000;26,1875;;;
170205;0000;37,625;;;
170206;0000;49,8958;;;
170207;0000;51,7708;;;
170208;0000;40,2917;;;
170209;0000;51,8125;;;
170210;0000;61,5417;;;
170211;0000;51,7917;;;
170212;0000;45,2708;;;
170213;0000;58,0625;;;
170214;0000;50,625;;;
170215;0000;48,2292;;;
170216;0000;47,9375;;;
170217;0000;36,6875;;;
170218;0000;43,5;;;
170219;0000;47,7708;;;
170220;0000;62,7917;;;
170221;0000;54,2708;;;
170222;0000;65,4792;;;
170223;0000;51,3333;;;
170224;0000;47,4583;;;
170225;0000;43,4375;;;
170226;0000;31,9565;;;
170227;0000;34,6875;;;
170228;0000;34,2083;;;
170301;0000;37,5208;;;
170302;0000;34,125;;;
170303;0000;46,375;;;
170304;0000;42,6042;;;
170305;0000;51,3542;;;
170306;0000;60,1042;;;
170307;0000;77,7917;;;
170308;0000;65,7292;;;
170309;0000;32,7083;;;
170310;0000;55,4583;;;
170311;0000;63,9375;;;
170312;0000;65,9792;;;
170313;0000;105,542;;;
170314;0000;48,5833;;;
170315;0000;53,125;;;
170316;0000;78,5625;;;
170317;0000;72,7083;;;
170318;0000;64,4167;;;
170319;0000;50,25;;;
170320;0000;73,1042;;;
170321;0000;73,5208;;;
170322;0000;67,8333;;;
170323;0000;;;;
170324;0000;;;;
170325;0000;42,125;;;
170326;0000;39,1042;;;
170327;0000;57,1458;;;
170328;0000;59,2917;;;
170329;0000;38,6875;;;
170330;0000;50,1042;;;
170331;0000;57,7083;;;
170401;0000;42,2083;;;
170402;0000;50,2083;;;
170403;0000;66,0417;;;
170404;0000;50,4583;;;
170405;0000;71,9583;;;
170406;0000;78,6042;;;
170407;0000;18,6667;;;
170408;0000;26,875;;;
170409;0000;46,1458;;;
170410;0000;93,9375;;;
170411;0000;91,4375;;;
170412;0000;74,375;;;
170413;0000;44,625;;;
170414;0000;41,875;;;
170415;0000;57;;;
170416;0000;69;;;
170417;0000;61,6875;;;
170418;0000;45,4792;;;
170419;0000;45,4792;;;
170420;0000;29,2917;;;
170421;0000;43,4792;;;
170422;0000;53,3958;;;
170423;0000;48,5417;;;
170424;0000;56,0833;;;
170425;0000;41,3043;;;
170426;0000;81,5833;;;
170427;0000;107,417;;;
170428;0000;120,188;;;
170429;0000;125,417;;;
170430;0000;100,604;;;
170501;0000;45;;;
170502;0000;87;;;
170503;0000;130;;;
170504;0000;112;;;
170505;0000;83;;;
170506;0000;83;;;
170507;0000;71;;;
170508;0000;40;;;
170509;0000;99;;;
170510;0000;68;;;
170511;0000;19;;;
170512;0000;47;;;
170513;0000;59;;;
170514;0000;74;;;
170515;0000;71;;;
170516;0000;58;;;
170517;0000;59;;;
170518;0000;17;;;
170519;0000;83;;;
170520;0000;143;;;
170521;0000;125;;;
170522;0000;123;;;
170523;0000;80;;;
170524;0000;87;;;
170525;0000;47;;;
170526;0000;88;;;
170527;0000;97;;;
170528;0000;111;;;
170529;0000;87;;;
170530;0000;91;;;
170531;0000;135;;;
170601;0000;138;;;
170602;0000;114;;;
170603;0000;70;;;
170604;0000;96;;;
170605;0000;129;;;
170606;0000;157;;;
170607;0000;114;;;
170608;0000;39;;;
170609;0000;125;;;
170610;0000;148;;;
170611;0000;106;;;
170612;0000;101;;;
170613;0000;73;;;
170614;0000;;;;
170615;0000;;;;
170616;0000;29;;;
170617;0000;18;;;
170618;0000;92;;;
170619;0000;135;;;
170620;0000;178;;;
170621;0000;118;;;
170622;0000;44;;;
170623;0000;79;;;
170624;0000;95;;;
170625;0000;46;;;
170626;0000;17;;;
170627;0000;74;;;
170628;0000;97;;;
170629;0000;147;;;
170630;0000;158;;;
170701;0000;167;;;
170702;0000;105;;;
170703;0000;48;;;
170704;0000;38;;;
170705;0000;109;;;
170706;0000;139;;;
170707;0000;161;;;
170708;0000;174;;;
170709;0000;85;;;
170710;0000;116;;;
170711;0000;129;;;
170712;0000;72;;;
170713;0000;;;;
170714;0000;35;;;
170715;0000;22;;;
170716;0000;43;;;
170717;0000;131;;;
170718;0000;164;;;
170719;0000;193;;;
170720;0000;199;;;
170721;0000;125;;;
170722;0000;47;;;
170723;0000;70;;;
170724;0000;83;;;
170725;0000;87;;;
170726;0000;110;;;
170727;0000;99;;;
170728;0000;102;;;
170729;0000;115;;;
170730;0000;86;;;
170731;0000;124;;;
170801;0000;56;;;
170802;0000;116;;;
170803;0000;104;;;
170804;0000;45;;;
170805;0000;75;;;
170806;0000;112;;;
170807;0000;62;;;
170808;0000;91;;;
170809;0000;79;;;
170810;0000;17;;;
170811;0000;18;;;
170812;0000;53;;;
170813;0000;63;;;
170814;0000;55;;;
170815;0000;80;;;
170816;0000;90;;;
170817;0000;92;;;
170818;0000;;;;
170819;0000;;;;
170820;0000;106;;;
170821;0000;114;;;
170822;0000;82;;;
170823;0000;38;;;
170824;0000;24;;;
170825;0000;45;;;
170826;0000;80;;;
170827;0000;46;;;
170828;0000;30;;;
170829;0000;34;;;
170830;0000;89;;;
170831;0000;76;;;
170901;0000;31;;;
170902;0000;35;;;
170903;0000;19;;;
170904;0000;58;;;
170905;0000;72;;;
170906;0000;75;;;
170907;0000;68;;;
170908;0000;29;;;
170909;0000;47;;;
170910;0000;22;;;
170911;0000;61;;;
170912;0000;62;;;
170913;0000;32;;;
170914;0000;40;;;
170915;0000;62;;;
170916;0000;;;;
170917;0000;;;;
170918;0000;;;;
170919;0000;;;;
170920;0000;;;;
170921;0000;49;;;
170922;0000;76;;;
170923;0000;72;;;
170924;0000;38;;;
170925;0000;;;;
170926;0000;;;50;
170927;0000;;;54;
170928;0000;;;;
170929;0000;;;;
170930;0000;;;;
171001;0000;;;;
171002;0000;;;;
171003;0000;;;42;
171004;0000;;;21;
171005;0000;;;12;
171006;0000;;;39;
171007;0000;;;22;
171008;0000;;;14;
171009;0000;;;17;
171010;0000;;;20;
171011;0000;;;;
171012;0000;;;;
171013;0000;;;45;
171014;0000;;;57;
171015;0000;;;53;
171016;0000;;;27;
171017;0000;;;38;
171018;0000;38;;;
171019;0000;52;;;
171020;0000;56;;;
171021;0000;61;;;
171022;0000;56;;;
171023;0000;41;;;
171024;0000;37;;;
171025;0000;40;;;
171026;0000;42;;;
171027;0000;46;;;
171028;0000;25;;;
171029;0000;16;;;
171030;0000;36;;;
171031;0000;40;;;
171101;0000;30;;;
171102;0000;20;;;
171103;0000;35;;;
171104;0000;38;;;
171105;0000;34;;;
171106;0000;30;;;
171107;0000;34;;;
171108;0000;35;;;
171109;0000;35;;;
171110;0000;59;;;
171111;0000;59;;;
171112;0000;52;;;
171113;0000;41;;;
171114;0000;45;;;
171115;0000;31;;;
171116;0000;46;;;
171117;0000;42;;;
171118;0000;47;;;
171119;0000;44;;;
171120;0000;33;;;
171121;0000;49;;;
171122;0000;57;;;
171123;0000;51;;;
171124;0000;39;;;
171125;0000;50;;;
171126;0000;44;;;
171127;0000;45;;;
171128;0000;41;;;
171129;0000;38;;;
171130;0000;51;;;
171201;0000;49;;;
171202;0000;40;;;
171203;0000;31;;;
171204;0000;43;;;
171205;0000;42;;;
171206;0000;42;;;
171207;0000;45;;;
171208;0000;41;;;
171209;0000;50;;;
171210;0000;57;;;
171211;0000;49;;;
171212;0000;30;;;
171213;0000;32;;;
171214;0000;46;;;
171215;0000;57;;;
171216;0000;47;;;
171217;0000;45;;;
171218;0000;;;;
171219;0000;;;;
171220;0000;;;;
171221;0000;;;;
171222;0000;;;;
171223;0000;;;;
171224;0000;;;;
171225;0000;;;;
171226;0000;;;;
171227;0000;;;;
171228;0000;42;;;
171229;0000;41;;;
171230;0000;37;;;
171231;0000;32;;;
180101;0000;36;;;
180102;0000;41;;;
180103;0000;42;;;
180104;0000;34;;;
180105;0000;33;;;
180106;0000;46;;;
180107;0000;57;;;
180108;0000;38;;;
180109;0000;38;;;
180110;0000;56;;;
180111;0000;45;;;
180112;0000;42;;;
180113;0000;39;;;
180114;0000;37;;;
180115;0000;31;;;
180116;0000;35;;;
180117;0000;43;;;
180118;0000;55;;;
180119;0000;55;;;
180120;0000;41;;;
180121;0000;33;;;
180122;0000;41;;;
180123;0000;43;;;
180124;0000;53;;;
180125;0000;50;;;
180126;0000;53;;;
180127;0000;52;;;
180128;0000;48;;;
180129;0000;57;;;
180130;0000;52;;;
180131;0000;61;;;
180201;0000;64;;;
180202;0000;59;;;
180203;0000;48;;;
180204;0000;42;;;
180205;0000;45;;;
180206;0000;42;;;
180207;0000;47;;;
180208;0000;51;;;
180209;0000;46;;;
180210;0000;56;;;
180211;0000;49;;;
180212;0000;70;;;
180213;0000;74;;;
180214;0000;50;;;
180215;0000;53;;;
180216;0000;52;;;
180217;0000;42;;;
180218;0000;31;;;
180219;0000;27;;;
180220;0000;31;;;
180221;0000;32;;;
180222;0000;43;;;
180223;0000;42;;;
180224;0000;29;;;
180225;0000;34;;;
180226;0000;40;;;
180227;0000;33;;;
180228;0000;39;;;
180301;0000;63;;;
180302;0000;62;;;
180303;0000;46;;;
180304;0000;38;;;
180305;0000;63;;;
180306;0000;;;;
180307;0000;47;;;
180308;0000;51;;;
180309;0000;54;;;
180310;0000;34;;;
180311;0000;41;;;
180312;0000;62;;;
180313;0000;59;;;
180314;0000;52;;;
180315;0000;73;;;
180316;0000;49;;;
180317;0000;41;;;
180318;0000;16;;;
180319;0000;42;;;
180320;0000;48;;;
180321;0000;61;;;
180322;0000;38;;;
180323;0000;39;;;
180324;0000;64;;;
180325;0000;58;;;
180326;0000;69;;;
180327;0000;77;;;
180328;0000;72;;;
180329;0000;83;;;
180330;0000;58;;;
180331;0000;47;;;
180401;0000;36;;;
180402;0000;50;;;
180403;0000;53;;;
180404;0000;54;;;
180405;0000;59;;;
180406;0000;55;;;
180407;0000;50;;;
180408;0000;46;;;
180409;0000;39;;;
180410;0000;53;;;
180411;0000;35;;;
180412;0000;54;;;
180413;0000;60;;;
180414;0000;64;;;
180415;0000;72;;;
180416;0000;75;;;
180417;0000;79;;;
180418;0000;65;;;
180419;0000;74;;;
180420;0000;92;;;
180421;0000;82;;;
180422;0000;55;;;
180423;0000;86;;;
180424;0000;77;;;
180425;0000;92;;;
180426;0000;54;;;
180427;0000;103;;;
180428;0000;117;;;
180429;0000;51;;;
180430;0000;86;;;
180501;0000;83;;;
180502;0000;61;;;
180503;0000;79;;;
180504;0000;123;;;
180505;0000;87;;;
180506;0000;41;;;
180507;0000;38;;;
180508;0000;52;;;
180509;0000;43;;;
180510;0000;67;;;
180511;0000;140;;;
180512;0000;117;;;
180513;0000;73;;;
180514;0000;76;;;
180515;0000;122;;;
180516;0000;104;;;
180517;0000;75;;;
180518;0000;112;;;
180519;0000;154;;;
180520;0000;123;;;
180521;0000;76;;;
180522;0000;92;;;
180523;0000;139;;;
180524;0000;165;;;
180525;0000;153;;;
180526;0000;90;;;
180527;0000;110;;;
180528;0000;127;;;
180529;0000;46;;;
180530;0000;23;;;
180531;0000;30;;;
180601;0000;95;;;
180602;0000;113;;;
180603;0000;57;;;
180604;0000;133;;;
180605;0000;148;;;
180606;0000;92;;;
180607;0000;106;;;
180608;0000;113;;;
180609;0000;97;;;
180610;0000;13;;;
180611;0000;16;;;
180612;0000;76;;;
180613;0000;120;;;
180614;0000;166;;;
180615;0000;171;;;
180616;0000;174;;;
180617;0000;173;;;
180618;0000;113;;;
180619;0000;50;;;
180620;0000;92;;;
180621;0000;94;;;
180622;0000;101;;;
180623;0000;125;;;
180624;0000;83;;;
180625;0000;71;;;
180626;0000;98;;;
180627;0000;131;;;
180628;0000;85;;;
180629;0000;69;;;
180630;0000;73;;;
180701;0000;56;;;
180702;0000;57;;;
180703;0000;65;;;
180704;0000;52;;;
180705;0000;22;;;
180706;0000;25;;;
180707;0000;84;;;
180708;0000;136;;;
180709;0000;86;;;
180710;0000;30;;;
180711;0000;72;;;
180712;0000;125;;;
180713;0000;129;;;
180714;0000;88;;;
180715;0000;42;;;
180716;0000;55;;;
180717;0000;29;;;
180718;0000;23;;;
180719;0000;58;;;
180720;0000;103;;;
180721;0000;102;;;
180722;0000;48;;;
180723;0000;100;;;
180724;0000;110;;;
180725;0000;109;;;
180726;0000;72;;;
180727;0000;47;;;
180728;0000;91;;;
180729;0000;88;;;
180730;0000;91;;;
180731;0000;104;;;
180801;0000;94;;;
180802;0000;73;;;
180803;0000;106;;;
180804;0000;141;;;
180805;0000;136;;;
180806;0000;100;;;
180807;0000;28;;;
180808;0000;125;;;
180809;0000;104;;;
180810;0000;101;;;
180811;0000;86;;;
180812;0000;53;;;
180813;0000;35;;;
180814;0000;87;;;
180815;0000;93;;;
180816;0000;90;;;
180817;0000;59;;;
180818;0000;34;;;
180819;0000;72;;;
180820;0000;89;;;
180821;0000;81;;;
180822;0000;55;;;
180823;0000;45;;;
180824;0000;50;;;
180825;0000;80;;;
180826;0000;83;;;
180827;0000;32;;;
180828;0000;42;;;
180829;0000;46;;;
180830;0000;63;;;
180831;0000;33;;;
180901;0000;66;;;
180902;0000;70;;;
180903;0000;96;;;
180904;0000;99;;;
180905;0000;50;;;
180906;0000;74;;;
180907;0000;76;;;
180908;0000;77;;;
180909;0000;87;;;
180910;0000;76;;;
180911;0000;59;;;
180912;0000;66;;;
180913;0000;59;;;
180914;0000;42;;;
180915;0000;25;;;
180916;0000;31;;;
180917;0000;50;;;
180918;0000;19;;;
180919;0000;40;;;
180920;0000;99;;;
180921;0000;61;;;
180922;0000;25;;;
180923;0000;16;;;
180924;0000;55;;;
180925;0000;68;;;
180926;0000;66;;;
180927;0000;51;;;
180928;0000;44;;;
180929;0000;12;;;
180930;0000;19;;;
181001;0000;27;;;
181002;0000;40;;;
181003;0000;52;;;
181004;0000;76;;;
181005;0000;56;;;
181006;0000;51;;;
181007;0000;35;;;
181008;0000;20;;;
181009;0000;31;;;
181010;0000;60;;;
181011;0000;35;;;
181012;0000;34;;;
181013;0000;35;;;
181014;0000;37;;;
181015;0000;37;;;
181016;0000;30;;;
181017;0000;26;;;
181018;0000;31;;;
181019;0000;39;;;
181020;0000;34;;;
181021;0000;31;;;
181022;0000;42;;;
181023;0000;60;;;
181024;0000;31;;;
181025;0000;27;;;
181026;0000;38;;;
181027;0000;35;;;
181028;0000;30;;;
181029;0000;28;;;
181030;0000;14;;;
181031;0000;24;;;
181101;0000;40;;;
181102;0000;20;;;
181103;0000;29;;;
181104;0000;22;;;
181105;0000;31;;;
181106;0000;43;;;
181107;0000;50;;;
181108;0000;41;;;
181109;0000;34;;;
181110;0000;37;;;
181111;0000;17;;;
181112;0000;22;;;
181113;0000;27;;;
181114;0000;34;;;
181115;0000;35;;;
181116;0000;35;;;
181117;0000;26;;;
181118;0000;27;;;
181119;0000;40;;;
181120;0000;39;;;
181121;0000;38;;;
181122;0000;29;;;
181123;0000;41;;;
181124;0000;41;;;
181125;0000;32;;;
181126;0000;39;;;
181127;0000;41;;;
181128;0000;45;;;
181129;0000;43;;;
181130;0000;44;;;
181201;0000;43;;;
181202;0000;38;;;
181203;0000;38;;;
181204;0000;21;;;
181205;0000;31;;;
181206;0000;42;;;
181207;0000;45;;;
181208;0000;26;;;
181209;0000;23;;;
181210;0000;33;;;
181211;0000;38;;;
181212;0000;36;;;
181213;0000;27;;;
181214;0000;32;;;
181215;0000;40;;;
181216;0000;37;;;
181217;0000;42;;;
181218;0000;;;33;
181219;0000;49;;;
181220;0000;38;;;
181221;0000;45;;;
181222;0000;39;;;
181223;0000;36;;;
181224;0000;48;;;
181225;0000;38;;;
181226;0000;34;;;
181227;0000;31;;;
181228;0000;44;;;
181229;0000;38;;;
181230;0000;38;;;
181231;0000;42;;;
190101;0000;43;;;
190102;0000;54;;;
190103;0000;68;;;
190104;0000;77;;;
190105;0000;44;;;
190106;0000;25;;;
190107;0000;34;;;
190108;0000;29;;;
190109;0000;25;;;
190110;0000;39;;;
190111;0000;38;;;
190112;0000;32;;;
190113;0000;25;;;
190114;0000;32;;;
190115;0000;42;;;
190116;0000;44;;;
190117;0000;41;;;
190118;0000;65;;;
190119;0000;49;;;
190120;0000;40;;;
190121;0000;43;;;
190122;0000;43;;;
190123;0000;60;;;
190124;0000;56;;;
190125;0000;55;;;
190126;0000;58;;;
190127;0000;49;;;
190128;0000;51;;;
190129;0000;55;;;
190130;0000;47;;;
190131;0000;51;;;
190201;0000;64;;;
190202;0000;51;;;
190203;0000;43;;;
190204;0000;53;;;
190205;0000;55;;;
190206;0000;60;;;
190207;0000;56;;;
190208;0000;47;;;
190209;0000;54;;;
190210;0000;43;;;
190211;0000;45;;;
190212;0000;43;;;
190213;0000;;;;
190214;0000;;;;
190215;0000;70;;;
190216;0000;36;;;
190217;0000;38;;;
190218;0000;46;;;
190219;0000;52;;;
190220;0000;44;;;
190221;0000;31;;;
190222;0000;35;;;
190223;0000;38;;;
190224;0000;33;;;
190225;0000;46;;;
190226;0000;54;;;
190227;0000;64;;;
190228;0000;61;;;
190301;0000;46;;;
190302;0000;59;;;
190303;0000;34;;;
190304;0000;45;;;
190305;0000;;;;
190306;0000;;;;
190307;0000;;;2;
190308;0000;;;;
190309;0000;;;;
190310;0000;;;;
190311;0000;;;;
190312;0000;;;;
190313;0000;;;;
190314;0000;80;;;
190315;0000;67;;;
190316;0000;65;;;
190317;0000;51;;;
190318;0000;74;;;
190319;0000;85;;;
190320;0000;91;;;
190321;0000;94;;;
190322;0000;98;;;
190323;0000;81;;;
190324;0000;67;;;
190325;0000;74;;;
190326;0000;83;;;
190327;0000;75;;;
190328;0000;61;;;
190329;0000;89;;;
190330;0000;112;;;
190331;0000;;;;
190401;0000;65;;;
190402;0000;85;;;
190403;0000;70;;;
190404;0000;69;;;
190405;0000;86;;;
190406;0000;96;;;
190407;0000;85;;;
190408;0000;70;;;
190409;0000;51;;;
190410;0000;91;;;
190411;0000;99;;;
190412;0000;71;;;
190413;0000;102;;;
190414;0000;116;;;
190415;0000;141;;;
190416;0000;121;;;
190417;0000;116;;;
190418;0000;77;;;
190419;0000;45;;;
190420;0000;64;;;
190421;0000;47;;;
190422;0000;63;;;
190423;0000;65;;;
190424;0000;64;;;
190425;0000;66;;;
190426;0000;88;;;
190427;0000;116;;;
190428;0000;117;;;
190429;0000;95;;;
190430;0000;116;;;
190501;0000;131;;;
190502;0000;129;;;
190503;0000;95;;;
190504;0000;48;;;
190505;0000;93;;;
190506;0000;104;;;
190507;0000;79;;;
190508;0000;59;;;
190509;0000;49;;;
190510;0000;99;;;
190511;0000;160;;;
190512;0000;153;;;
190513;0000;153;;;
190514;0000;179;;;
190515;0000;161;;;
190516;0000;88;;;
190517;0000;80;;;
190518;0000;49;;;
190519;0000;101;;;
190520;0000;69;;;
190521;0000;62;;;
190522;0000;138;;;
190523;0000;174;;;
190524;0000;268;;;
190525;0000;169;;;
190526;0000;105;;;
190527;0000;103;;;
190528;0000;146;;;
190529;0000;84;;;
190530;0000;34;;;
190531;0000;65;;;
190601;0000;165;;;
190602;0000;195;;;
190603;0000;166;;;
190604;0000;183;;;
190605;0000;128;;;
190606;0000;54;;;
190607;0000;131;;;
190608;0000;198;;;
190609;0000;172;;;
190610;0000;170;;;
190611;0000;133;;;
190612;0000;82;;;
190613;0000;20;;;
190614;0000;26;;;
190615;0000;44;;;
190616;0000;97;;;
190617;0000;104;;;
190618;0000;127;;;
190619;0000;225;;;
190620;0000;155;;;
190621;0000;146;;;
190622;0000;234;;;
190623;0000;158;;;
190624;0000;53;;;
190625;0000;101;;;
190626;0000;128;;;
190627;0000;155;;;
190628;0000;147;;;
190629;0000;35;;;
190630;0000;73;;;
190701;0000;144;;;
190702;0000;146;;;
190703;0000;160;;;
190704;0000;166;;;
190705;0000;268;;;
190706;0000;173;;;
190707;0000;112;;;
190708;0000;124;;;
190709;0000;115;;;
190710;0000;191;;;
190711;0000;153;;;
190712;0000;118;;;
190713;0000;174;;;
190714;0000;196;;;
190715;0000;218;;;
190716;0000;174;;;
190717;0000;142;;;
190718;0000;145;;;
190719;0000;190;;;
190720;0000;158;;;
190721;0000;23;;;
190722;0000;49;;;
190723;0000;111;;;
190724;0000;107;;;
190725;0000;88;;;
190726;0000;151;;;
190727;0000;188;;;
190728;0000;128;;;
190729;0000;76;;;
190730;0000;109;;;
190731;0000;67;;;
190801;0000;47;;;
190802;0000;127;;;
190803;0000;211;;;
190804;0000;147;;;
190805;0000;102;;;
190806;0000;53;;;
190807;0000;55;;;
190808;0000;68;;;
190809;0000;105;;;
190810;0000;105;;;
190811;0000;42;;;
190812;0000;101;;;
190813;0000;219;;;
190814;0000;146;;;
190815;0000;73;;;
190816;0000;59;;;
190817;0000;62;;;
190818;0000;82;;;
190819;0000;138;;;
190820;0000;116;;;
190821;0000;112;;;
190822;0000;148;;;
190823;0000;122;;;
190824;0000;118;;;
190825;0000;78;;;
190826;0000;128;;;
190827;0000;137;;;
190828;0000;102;;;
190829;0000;34;;;
190830;0000;59;;;
190831;0000;90;;;
190901;0000;83;;;
190902;0000;75;;;
190903;0000;113;;;
190904;0000;118;;;
190905;0000;52;;;
190906;0000;40;;;
190907;0000;32;;;
190908;0000;41;;;
190909;0000;28;;;
190910;0000;57;;;
190911;0000;32;;;
190912;0000;101;;;
190913;0000;103;;;
190914;0000;46;;;
190915;0000;26;;;
190916;0000;42;;;
190917;0000;47;;;
190918;0000;54;;;
190919;0000;32;;;
190920;0000;43;;;
190921;0000;75;;;
190922;0000;77;;;
190923;0000;55;;;
190924;0000;64;;;
190925;0000;87;;;
190926;0000;54;;;
190927;0000;49;;;
190928;0000;59;;;
190929;0000;46;;;
190930;0000;23;;;
191001;0000;16;;;
191002;0000;28;;;
191003;0000;30;;;
191004;0000;50;;;
191005;0000;54;;;
191006;0000;55;;;
191007;0000;54;;;
191008;0000;68;;;
191009;0000;95;;;
191010;0000;98;;;
191011;0000;73;;;
191012;0000;94;;;
191013;0000;96;;;
191014;0000;37;;;
191015;0000;49;;;
191016;0000;44;;;
191017;0000;48;;;
191018;0000;57;;;
191019;0000;56;;;
191020;0000;42;;;
191021;0000;65;;;
191022;0000;79;;;
191023;0000;55;;;
191024;0000;61;;;
191025;0000;66;;;
191026;0000;40;;;
191027;0000;24;;;
191028;0000;37;;;
191029;0000;47;;;
191030;0000;50;;;
191031;0000;45;;;
191101;0000;27;;;
191102;0000;40;;;
191103;0000;51;;;
191104;0000;45;;;
191105;0000;52;;;
191106;0000;65;;;
191107;0000;66;;;
191108;0000;66;;;
191109;0000;78;;;
191110;0000;71;;;
191111;0000;58;;;
191112;0000;56;;;
191113;0000;55;;;
191114;0000;58;;;
191115;0000;69;;;
191116;0000;63;;;
191117;0000;35;;;
191118;0000;62;;;
191119;0000;88;;;
191120;0000;82;;;
191121;0000;68;;;
191122;0000;59;;;
191123;0000;40;;;
191124;0000;30;;;
191125;0000;32;;;
191126;0000;46;;;
191127;0000;62;;;
191128;0000;67;;;
191129;0000;38;;;
191130;0000;54;;;
191201;0000;62;;;
191202;0000;58;;;
191203;0000;59;;;
191204;0000;59;;;
191205;0000;67;;;
191206;0000;70;;;
191207;0000;44;;;
191208;0000;40;;;
191209;0000;52;;;
191210;0000;48;;;
191211;0000;47;;;
191212;0000;53;;;
191213;0000;69;;;
191214;0000;46;;;
191215;0000;39;;;
191216;0000;49;;;
191217;0000;59;;;
191218;0000;58;;;
191219;0000;44;;;
191220;0000;45;;;
191221;0000;56;;;
191222;0000;56;;;
191223;0000;60;;;
191224;0000;53;;;
191225;0000;35;;;
191226;0000;46;;;
191227;0000;63;;;
191228;0000;56;;;
191229;0000;45;;;
191230;0000;52;;;
191231;0000;70;;;
200101;0000;52;;;
200102;0000;52;;;
200103;0000;60;;;
200104;0000;58;;;
200105;0000;46;;;
200106;0000;49;;;
200107;0000;52;;;
200108;0000;41;;;
200109;0000;42;;;
200110;0000;54;;;
200111;0000;52;;;
200112;0000;49;;;
200113;0000;52;;;
200114;0000;50;;;
200115;0000;62;;;
200116;0000;95;;;
200117;0000;75;;;
200118;0000;71;;;
200119;0000;58;;;
200120;0000;;;;
200121;0000;64;;;
200122;0000;55;;;
200123;0000;43;;;
200124;0000;48;;;
200125;0000;51;;;
200126;0000;46;;;
200127;0000;51;;;
200128;0000;80;;;
200129;0000;36;;;
200130;0000;57;;;
200131;0000;65;;;
200201;0000;55;;;
200202;0000;50;;;
200203;0000;43;;;
200204;0000;42;;;
200205;0000;45;;;
200206;0000;44;;;
200207;0000;57;;;
200208;0000;59;;;
200209;0000;53;;;
200210;0000;64;;;
200211;0000;64;;;
200212;0000;58;;;
200213;0000;56;;;
200214;0000;81;;;
200215;0000;68;;;
200216;0000;45;;;
200217;0000;41;;;
200218;0000;66;;;
200219;0000;69;;;
200220;0000;86;;;
200221;0000;63;;;
200222;0000;55;;;
200223;0000;50;;;
200224;0000;54;;;
200225;0000;63;;;
200226;0000;76;;;
200227;0000;61;;;
200228;0000;74;;;
200229;0000;81;;;
200301;0000;47;;;
200302;0000;59;;;
200303;0000;66;;;
200304;0000;67;;;
200305;0000;91;;;
200306;0000;87;;;
200307;0000;64;;;
200308;0000;42;;;
200309;0000;71;;;
200310;0000;74;;;
200311;0000;74;;;
200312;0000;48;;;
200313;0000;42;;;
200314;0000;55;;;
200315;0000;59;;;
200316;0000;57;;;
200317;0000;59;;;
200318;0000;61;;;
200319;0000;57;;;
200320;0000;66;;;
200321;0000;38;;;
200322;0000;32;;;
200323;0000;48;;;
200324;0000;46;;;
200325;0000;40;;;
200326;0000;51;;;
200327;0000;41;;;
200328;0000;53;;;
200329;0000;57;;;
200330;0000;68;;;
200331;0000;69;;;
200401;0000;88;;;
200402;0000;104;;;
200403;0000;94;;;
200404;0000;82;;;
200405;0000;40;;;
200406;0000;71;;;
200407;0000;80;;;
200408;0000;81;;;
200409;0000;66;;;
200410;0000;50;;;
200411;0000;50;;;
200412;0000;45;;;
200413;0000;61;;;
200414;0000;82;;;
200415;0000;64;;;
200416;0000;80;;;
200417;0000;105;;;
200418;0000;90;;;
200419;0000;56;;;
200420;0000;78;;;
200421;0000;86;;;
200422;0000;78;;;
200423;0000;58;;;
200424;0000;50;;;
200425;0000;52;;;
200426;0000;45;;;
200427;0000;34;;;
200428;0000;66;;;
200429;0000;87;;;
200430;0000;119;;;
200501;0000;116;;;
200502;0000;55;;;
200503;0000;57;;;
200504;0000;68;;;
200505;0000;92;;;
200506;0000;137;;;
200507;0000;124;;;
200508;0000;122;;;
200509;0000;85;;;
200510;0000;53;;;
200511;0000;65;;;
200512;0000;84;;;
200513;0000;111;;;
200514;0000;119;;;
200515;0000;129;;;
200516;0000;108;;;
200517;0000;74;;;
200518;0000;52;;;
200519;0000;49;;;
200520;0000;49;;;
200521;0000;38;;;
200522;0000;107;;;
200523;0000;124;;;
200524;0000;99;;;
200525;0000;118;;;
200526;0000;86;;;
200527;0000;63;;;
200528;0000;92;;;
200529;0000;103;;;
200530;0000;105;;;
200531;0000;94;;;
200601;0000;67;;;
200602;0000;84;;;
200603;0000;39;;;
200604;0000;68;;;
200605;0000;102;;;
200606;0000;95;;;
200607;0000;75;;;
200608;0000;128;;;
200609;0000;109;;;
200610;0000;115;;;
200611;0000;119;;;
200612;0000;49;;;
200613;0000;129;;;
200614;0000;81;;;
200615;0000;69;;;
200616;0000;103;;;
200617;0000;33;;;
200618;0000;101;;;
200619;0000;63;;;
200620;0000;88;;;
200621;0000;98;;;
200622;0000;54;;;
200623;0000;15;;;
200624;0000;17;;;
200625;0000;80;;;
200626;0000;78;;;
200627;0000;153;;;
200628;0000;114;;;
200629;0000;29;;;
200630;0000;75;;;
200701;0000;63;;;
200702;0000;97;;;
200703;0000;90;;;
200704;0000;25;;;
200705;0000;22;;;
200706;0000;69;;;
200707;0000;93;;;
200708;0000;68;;;
200709;0000;129;;;
200710;0000;146;;;
200711;0000;122;;;
200712;0000;105;;;
200713;0000;167;;;
200714;0000;163;;;
200715;0000;196;;;
200716;0000;113;;;
200717;0000;102;;;
200718;0000;101;;;
200719;0000;43;;;
200720;0000;37;;;
200721;0000;22;;;
200722;0000;44;;;
200723;0000;;;;
200724;0000;116;;;
200725;0000;151;;;
200726;0000;148;;;
200727;0000;118;;;
200728;0000;143;;;
200729;0000;156;;;
200730;0000;66;;;
200731;0000;179;;;
200801;0000;120;;;
200802;0000;100;;;
200803;0000;70;;;
200804;0000;89;;;
200805;0000;38;;;
200806;0000;52;;;
200807;0000;101;;;
200808;0000;128;;;
200809;0000;68;;;
200810;0000;70;;;
200811;0000;78;;;
200812;0000;81;;;
200813;0000;74;;;
200814;0000;61;;;
200815;0000;80;;;
200816;0000;103;;;
200817;0000;72;;;
200818;0000;45;;;
200819;0000;64;;;
200820;0000;114;;;
200821;0000;148;;;
200822;0000;107;;;
200823;0000;28;;;
200824;0000;34;;;
200825;0000;33;;;
200826;0000;17;;;
200827;0000;33;;;
200828;0000;36;;;
200829;0000;31;;;
200830;0000;41;;;
200831;0000;48;;;
200901;0000;38;;;
200902;0000;53;;;
200903;0000;62;;;
200904;0000;72;;;
200905;0000;53;;;
200906;0000;68;;;
200907;0000;52;;;
200908;0000;44;;;
200909;0000;65;;;
200910;0000;49;;;
200911;0000;56;;;
200912;0000;88;;;
200913;0000;57;;;
200914;0000;74;;;
200915;0000;49;;;
200916;0000;68;;;
200917;0000;97;;;
200918;0000;60;;;
200919;0000;55;;;
200920;0000;58;;;
200921;0000;49;;;
200922;0000;61;;;
200923;0000;77;;;
200924;0000;77;;;
200925;0000;25;;;
200926;0000;25;;;
200927;0000;48;;;
200928;0000;58;;;
200929;0000;31;;;
200930;0000;32;;;
201001;0000;38;;;
201002;0000;41;;;
201003;0000;31;;;
201004;0000;30;;;
201005;0000;52;;;
201006;0000;51;;;
201007;0000;64;;;
201008;0000;58;;;
201009;0000;74;;;
201010;0000;65;;;
201011;0000;56;;;
201012;0000;50;;;
201013;0000;62;;;
201014;0000;52;;;
201015;0000;69;;;
201016;0000;46;;;
201017;0000;61;;;
201018;0000;45;;;
201019;0000;53;;;
201020;0000;58;;;
201021;0000;51;;;
201022;0000;58;;;
201023;0000;55;;;
201024;0000;46;;;
201025;0000;25;;;
201026;0000;57;;;
201027;0000;41;;;
201028;0000;42;;;
201029;0000;53;;;
201030;0000;60;;;
201031;0000;57;;;
201101;0000;39;;;
201102;0000;52;;;
201103;0000;49;;;
201104;0000;45;;;
201105;0000;51;;;
201106;0000;63;;;
201107;0000;59;;;
201108;0000;42;;;
201109;0000;44;;;
201110;0000;53;;;
201111;0000;42;;;
201112;0000;46;;;
201113;0000;32;;;
201114;0000;33;;;
201115;0000;38;;;
201116;0000;42;;;
201117;0000;39;;;
201118;0000;47;;;
201119;0000;32;;;
201120;0000;24;;;
201121;0000;35;;;
201122;0000;38;;;
201123;0000;40;;;
201124;0000;40;;;
201125;0000;49;;;
201126;0000;63;;;
201127;0000;65;;;
201128;0000;48;;;
201129;0000;35;;;
201130;0000;51;;;
201201;0000;70;;;
201202;0000;51;;;
201203;0000;53;;;
201204;0000;66;;;
201205;0000;54;;;
201206;0000;49;;;
201207;0000;58;;;
201208;0000;39;;;
201209;0000;50;;;
201210;0000;44;;;
201211;0000;49;;;
201212;0000;49;;;
201213;0000;35;;;
201214;0000;54;;;
201215;0000;48;;;
201216;0000;58;;;
201217;0000;60;;;
201218;0000;35;;;
201219;0000;35;;;
201220;0000;34;;;
201221;0000;53;;;
201222;0000;56;;;
201223;0000;67;;;
201224;0000;60;;;
201225;0000;50;;;
201226;0000;42;;;
201227;0000;30;;;
201228;0000;42;;;
201229;0000;46;;;
201230;0000;49;;;
201231;0000;73;;;
210101;0000;57;;;
210102;0000;46;;;
210103;0000;39;;;
210104;0000;49;;;
210105;0000;51;;;
210106;0000;56;;;
210107;0000;53;;;
210108;0000;55;;;
210109;0000;47;;;
210110;0000;31;;;
210111;0000;40;;;
210112;0000;57;;;
210113;0000;47;;;
210114;0000;59;;;
210115;0000;57;;;
210116;0000;46;;;
210117;0000;47;;;
210118;0000;65;;;
210119;0000;62;;;
210120;0000;59;;;
210121;0000;61;;;
210122;0000;62;;;
210123;0000;44;;;
210124;0000;41;;;
210125;0000;51;;;
210126;0000;52;;;
210127;0000;54;;;
210128;0000;51;;;
210129;0000;42;;;
210130;0000;18;;;
210131;0000;19;;;
210201;0000;23;;;
210202;0000;34;;;
210203;0000;52;;;
210204;0000;55;;;
210205;0000;39;;;
210206;0000;34;;;
210207;0000;36;;;
210208;0000;31;;;
210209;0000;47;;;
210210;0000;46;;;
210211;0000;33;;;
210212;0000;47;;;
210213;0000;37;;;
210214;0000;27;;;
210215;0000;38;;;
210216;0000;32;;;
210217;0000;37;;;
210218;0000;32;;;
210219;0000;45;;;
210220;0000;47;;;
210221;0000;34;;;
210222;0000;40;;;
210223;0000;58;;;
210224;0000;68;;;
210225;0000;55;;;
210226;0000;59;;;
210227;0000;54;;;
210228;0000;48;;;
210301;0000;57;;;
210302;0000;53;;;
210303;0000;55;;;
210304;0000;63;;;
210305;0000;46;;;
210306;0000;38;;;
210307;0000;43;;;
210308;0000;61;;;
210309;0000;54;;;
210310;0000;54;;;
210311;0000;55;;;
210312;0000;56;;;
210313;0000;42;;;
210314;0000;36;;;
210315;0000;29;;;
210316;0000;37;;;
210317;0000;40;;;
210318;0000;33;;;
210319;0000;37;;;
210320;0000;34;;;
210321;0000;24;;;
210322;0000;46;;;
210323;0000;72;;;
210324;0000;61;;;
210325;0000;;;125;
210326;0000;70;;;
210327;0000;68;;;
210328;0000;66;;;
210329;0000;48;;;
210330;0000;62;;;
210331;0000;66;;;
210401;0000;53;;;
210402;0000;59;;;
210403;0000;67;;;
210404;0000;39;;;
210405;0000;51;;;
210406;0000;48;;;
210407;0000;50;;;
210408;0000;42;;;
210409;0000;54;;;
210410;0000;39;;;
210411;0000;65;;;
210412;0000;87;;;
210413;0000;100;;;
210414;0000;76;;;
210415;0000;73;;;
210416;0000;81;;;
210417;0000;39;;;
210418;0000;63;;;
210419;0000;53;;;
210420;0000;52;;;
210421;0000;45;;;
210422;0000;45;;;
210423;0000;39;;;
210424;0000;74;;;
210425;0000;77;;;
210426;0000;84;;;
210427;0000;59;;;
210428;0000;114;;;
210429;0000;90;;;
210430;0000;70;;;
210501;0000;101;;;
210502;0000;49;;;
210503;0000;50;;;
210504;0000;75;;;
210505;0000;104;;;
210506;0000;137;;;
210507;0000;64;;;
210508;0000;76;;;
210509;0000;77;;;
210510;0000;105;;;
210511;0000;150;;;
210512;0000;151;;;
210513;0000;179;;;
210514;0000;174;;;
210515;0000;184;;;
210516;0000;215;;;
210517;0000;152;;;
210518;0000;91;;;
210519;0000;109;;;
210520;0000;55;;;
210521;0000;38;;;
210522;0000;92;;;
210523;0000;113;;;
210524;0000;111;;;
210525;0000;124;;;
210526;0000;181;;;
210527;0000;120;;;
210528;0000;58;;;
210529;0000;98;;;
210530;0000;116;;;
210531;0000;113;;;
210601;0000;122;;;
210602;0000;114;;;
210603;0000;96;;;
210604;0000;71;;;
210605;0000;74;;;
210606;0000;56;;;
210607;0000;104;;;
210608;0000;129;;;
210609;0000;85;;;
210610;0000;89;;;
210611;0000;167;;;
210612;0000;144;;;
210613;0000;66;;;
210614;0000;108;;;
210615;0000;65;;;
210616;0000;78;;;
210617;0000;89;;;
210618;0000;92;;;
210619;0000;157;;;
210620;0000;168;;;
210621;0000;148;;;
210622;0000;109;;;
210623;0000;46;;;
210624;0000;52;;;
210625;0000;44;;;
210626;0000;31;;;
210627;0000;127;;;
210628;0000;154;;;
210629;0000;217;;;
210630;0000;200;;;
210701;0000;123;;;
210702;0000;138;;;
210703;0000;171;;;
210704;0000;157;;;
210705;0000;140;;;
210706;0000;77;;;
210707;0000;111;;;
210708;0000;126;;;
210709;0000;85;;;
210710;0000;201;;;
210711;0000;171;;;
210712;0000;81;;;
210713;0000;131;;;
210714;0000;145;;;
210715;0000;165;;;
210716;0000;109;;;
210717;0000;183;;;
210718;0000;164;;;
210719;0000;154;;;
210720;0000;197;;;
210721;0000;156;;;
210722;0000;162;;;
210723;0000;129;;;
210724;0000;85;;;
210725;0000;59;;;
210726;0000;42;;;
210727;0000;82;;;
210728;0000;167;;;
210729;0000;159;;;
210730;0000;145;;;
210731;0000;190;;;
210801;0000;187;;;
210802;0000;129;;;
210803;0000;133;;;
210804;0000;125;;;
210805;0000;110;;;
210806;0000;117;;;
210807;0000;90;;;
210808;0000;62;;;
210809;0000;72;;;
210810;0000;127;;;
210811;0000;121;;;
210812;0000;62;;;
210813;0000;156;;;
210814;0000;190;;;
210815;0000;89;;;
210816;0000;88;;;
210817;0000;69;;;
210818;0000;21;;;
210819;0000;16;;;
210820;0000;88;;;
210821;0000;73;;;
210822;0000;29;;;
210823;0000;38;;;
210824;0000;42;;;
210825;0000;27;;;
210826;0000;54;;;
210827;0000;82;;;
210828;0000;106;;;
210829;0000;98;;;
210830;0000;35;;;
210831;0000;51;;;
210901;0000;74;;;
210902;0000;44;;;
210903;0000;33;;;
210904;0000;34;;;
210905;0000;40;;;
210906;0000;19;;;
210907;0000;19;;;
210908;0000;54;;;
210909;0000;79;;;
210910;0000;78;;;
210911;0000;45;;;
210912;0000;10;;;
210913;0000;25;;;
210914;0000;55;;;
210915;0000;60;;;
210916;0000;64;;;
210917;0000;43;;;
210918;0000;37;;;
210919;0000;26;;;
210920;0000;45;;;
210921;0000;68;;;
210922;0000;37;;;
210923;0000;89;;;
210924;0000;83;;;
210925;0000;37;;;
210926;0000;37;;;
210927;0000;48;;;
210928;0000;55;;;
210929;0000;61;;;
210930;0000;35;;;
211001;0000;42;;;
211002;0000;24;;;
211003;0000;33;;;
211004;0000;57;;;
211005;0000;47;;;
211006;0000;67;;;
211007;0000;52;;;
211008;0000;23;;;
211009;0000;38;;;
211010;0000;29;;;
211011;0000;47;;;
211012;0000;36;;;
211013;0000;27;;;
211014;0000;18;;;
211015;0000;34;;;
211016;0000;42;;;
211017;0000;35;;;
211018;0000;56;;;
211019;0000;83;;;
211020;0000;40;;;
211021;0000;48;;;
211022;0000;39;;;
211023;0000;38;;;
211024;0000;48;;;
211025;0000;61;;;
211026;0000;50;;;
211027;0000;54;;;
211028;0000;64;;;
211029;0000;62;;;
211030;0000;61;;;
211031;0000;55;;;
211101;0000;42;;;
211102;0000;50;;;
211103;0000;42;;;
211104;0000;40;;;
211105;0000;66;;;
211106;0000;44;;;
211107;0000;38;;;
211108;0000;54;;;
211109;0000;46;;;
211110;0000;41;;;
211111;0000;43;;;
211112;0000;47;;;
211113;0000;29;;;
211114;0000;38;;;
211115;0000;45;;;
211116;0000;48;;;
211117;0000;50;;;
211118;0000;54;;;
211119;0000;49;;;
211120;0000;44;;;
211121;0000;43;;;
211122;0000;51;;;
211123;0000;60;;;
211124;0000;37;;;
211125;0000;53;;;
211126;0000;60;;;
211127;0000;30;;;
211128;0000;39;;;
211129;0000;57;;;
211130;0000;43;;;
211201;0000;46;;;
211202;0000;62;;;
211203;0000;58;;;
211204;0000;57;;;
211205;0000;63;;;
211206;0000;53;;;
211207;0000;47;;;
211208;0000;46;;;
211209;0000;66;;;
211210;0000;50;;;
211211;0000;30;;;
211212;0000;21;;;
211213;0000;45;;;
211214;0000;46;;;
211215;0000;50;;;
211216;0000;50;;;
211217;0000;45;;;
211218;0000;47;;;
211219;0000;47;;;
211220;0000;55;;;
211221;0000;58;;;
211222;0000;69;;;
211223;0000;47;;;
211224;0000;46;;;
211225;0000;49;;;
211226;0000;49;;;
211227;0000;54;;;
211228;0000;56;;;
211229;0000;40;;;
211230;0000;47;;;
